a,name,b
j,tweeter,hello
j,tweeter,hello
j,tweeter,hello
j,tweeter,hello
j,tweeter,hello
j,tweeter,hello
j,tweeter,hello
j,tweeter,hello
j,tweeter,hello
j,tweeter2,hello
j,tweeter3,hello
j,tweeter3,hello
j,tweeter3,hello
j,tweeter3,hello
j,tweeter,hello
j,tweeter,hello
j,tweeter,hello
j,tweeter,hello
j,tweeter,hello
j,tweeter,hello
j,tweeter,hello
j,tweeter,hello
j,tweeter,hello
j,tweeter2,hello
j,tweeter3,hello
j,tweeter3,hello
j,tweeter3,hello
j,tweeter3,hello
j,tweeter4,hello
j,tweeter00,hello
j,tweeter4,hello
j,tweeter00,hello
j,tweeter4,hello
j,tweeter4,hello
j,tweeter12,hello
j,tweeter14,hello
j,tweeter4,hello
j,tweeter16,hello
j,tweeter4,hello
j,tweeter66,hello
j,tweeter6,hello
j,tweeter5,hello
j,tweeter9,hello
j,tweeter5,hello
j,tweeter8,hello
j,tweeter5,hello
j,tweeter7,hello
j,tweeter5,hello
j,tweeter656,hello
j,tweeter5,hello
j,tweeter6,hello
j,tweeter6,hello
